word1,word2,weight
american,scum,2
american,mentally,2
american,right,4
american,check,1
american,imagine,3
american,typical,1
american,retard,3
american,population,1
american,want,4
american,illegal,2
american,deserve,1
american,abort,1
american,listen,2
american,stick,1
scum,mentally,4
scum,imagine,2
scum,allow,2
scum,boy,2
scum,confirm,2
scum,refer,2
scum,weak,1
scum,shut,1
mentally,imagine,27
mentally,terrorist,4
mentally,right,1
mentally,haircut,1
mentally,folk,10
mentally,remove,4
mentally,disgusting,9
mentally,life,5
mentally,confirm,6
mentally,roast,2
mentally,find,2
mentally,damage,2
mentally,escape,3
mentally,beat,7
mentally,abort,7
mentally,special,4
mentally,actual,1
mentally,fuck,9
mentally,mom,2
mentally,stupid,2
mentally,narcissistic,3
mentally,racist,3
mentally,moron,3
mentally,trump,3
mentally,refer,2
mentally,illness,2
mentally,deserve,3
mentally,west,3
mentally,comment,1
mentally,subhuman,1
mentally,dead,4
mentally,bastard,2
mentally,want,8
mentally,encourage,5
mentally,midget,4
mentally,degenerate,3
mentally,disabled,3
mentally,mother,2
mentally,year,1
mentally,million,1
mentally,god,2
mentally,live,2
mentally,dumb,2
mentally,allow,2
mentally,listen,2
mentally,anymore,3
mentally,inbreed,2
mentally,url,2
mentally,tranny,1
mentally,self,1
mentally,white,1
mentally,cunt,1
mentally,site,1
mentally,hoe,1
mentally,brain,1
mentally,ya,1
imagine,terrorist,2
imagine,dead,8
imagine,handle,3
imagine,brain,4
imagine,word,5
imagine,tiny,3
imagine,face,1
imagine,site,4
imagine,plastic,1
imagine,sad,1
imagine,haircut,12
imagine,folk,16
imagine,disgusting,6
imagine,life,5
imagine,degenerate,8
imagine,money,2
imagine,midget,10
imagine,internet,1
imagine,confirm,5
imagine,fuck,10
imagine,retard,5
imagine,right,15
imagine,want,27
imagine,narcissistic,2
imagine,mental,3
imagine,actual,1
imagine,refer,3
imagine,difference,2
imagine,homeless,5
imagine,level,4
imagine,shut,7
imagine,typical,1
imagine,deserve,5
imagine,west,3
imagine,burn,3
imagine,ya,2
imagine,dick,1
imagine,chromosome,4
imagine,pool,4
imagine,ape,4
imagine,abort,6
imagine,body,2
imagine,exist,1
imagine,mom,1
imagine,handicap,3
imagine,stupid,5
imagine,tranny,6
imagine,comment,3
imagine,god,10
imagine,destroy,3
imagine,listen,7
imagine,high,4
imagine,muslim,2
imagine,moron,1
imagine,dumbass,4
imagine,racist,3
imagine,pig,2
imagine,mother,1
imagine,live,1
imagine,crime,2
imagine,close,3
imagine,autistic,3
imagine,believe,6
imagine,quality,3
imagine,idiot,4
imagine,holy,1
imagine,hole,5
imagine,let,1
imagine,hoe,2
imagine,dirty,1
imagine,dumb,1
imagine,sterilize,2
imagine,eugenic,3
imagine,arm,3
imagine,insult,2
imagine,faggot,2
imagine,wife,1
imagine,video,1
imagine,anymore,1
imagine,watch,1
imagine,stick,1
imagine,therapy,1
imagine,white,1
imagine,parent,1
imagine,roast,1
terrorist,dead,2
terrorist,homeless,3
terrorist,retard,4
terrorist,car,4
terrorist,want,2
terrorist,url,2
terrorist,listen,2
terrorist,waste,1
terrorist,lmfao,1
terrorist,space,1
dead,homeless,3
dead,act,2
dead,lmfao,3
dead,retard,9
dead,ur,1
dead,ya,2
dead,mom,3
dead,listen,10
dead,right,8
dead,want,8
dead,dumb,2
dead,brain,6
dead,beat,2
dead,folk,3
dead,video,1
dead,fuck,33
dead,close,3
dead,abort,7
dead,shut,3
dead,sign,4
dead,comment,2
dead,autist,2
dead,burn,2
dead,stupid,35
dead,haircut,12
dead,believe,1
dead,disabled,4
dead,feminist,1
dead,dick,2
dead,tard,3
dead,boy,4
dead,pussy,1
dead,cunt,1
dead,mother,2
dead,disgusting,1
dead,hole,1
dead,normie,1
dead,midget,1
dead,fucker,1
dead,url,1
dead,insult,1
dead,aid,1
dead,self,2
dead,white,2
dead,ban,1
dead,publicly,1
dead,faggot,1
dead,encourage,1
dead,mental,2
dead,confirm,1
dead,earth,1
dead,eradicate,1
dead,dirty,1
dead,tranny,1
dead,big,1
dead,let,1
dead,loser,1
dead,roast,1
dead,dickhead,28
dead,jealous,28
homeless,act,2
homeless,fuck,4
homeless,difference,2
homeless,boy,2
homeless,retard,3
homeless,want,2
homeless,folk,4
homeless,mental,1
homeless,racist,2
homeless,white,2
homeless,live,2
homeless,poor,1
homeless,hole,1
homeless,life,1
homeless,ball,1
homeless,abort,1
homeless,comment,1
homeless,idiot,1
homeless,let,1
homeless,aid,1
homeless,nazi,1
homeless,million,1
homeless,degenerate,1
homeless,west,1
homeless,lmfao,1
homeless,space,1
homeless,confirm,2
homeless,listen,1
homeless,tooth,1
homeless,mother,1
homeless,inbreed,1
homeless,refer,1
homeless,dumb,1
act,fuck,2
act,ignorant,2
act,folk,4
act,shut,4
act,illness,4
act,mental,4
act,haircut,1
act,year,1
act,listen,1
act,high,1
fuck,ignorant,3
fuck,blind,12
fuck,lmfao,5
fuck,retard,66
fuck,listen,48
fuck,dumb,11
fuck,white,8
fuck,burn,9
fuck,spit,7
fuck,url,4
fuck,right,19
fuck,autist,11
fuck,faggot,17
fuck,autistic,22
fuck,shut,12
fuck,year,5
fuck,fun,10
fuck,ur,4
fuck,ball,3
fuck,blow,6
fuck,video,1
fuck,abort,10
fuck,hole,13
fuck,boy,10
fuck,mom,20
fuck,live,3
fuck,dumbass,2
fuck,word,1
fuck,reddit,5
fuck,use,5
fuck,ya,8
fuck,cancer,3
fuck,want,28
fuck,degenerate,6
fuck,worthless,1
fuck,folk,8
fuck,instead,2
fuck,damage,2
fuck,self,5
fuck,cunt,13
fuck,fuckin,5
fuck,s,8
fuck,deserve,3
fuck,god,4
fuck,encourage,1
fuck,comment,7
fuck,life,12
fuck,haircut,8
fuck,home,3
fuck,midget,6
fuck,day,5
fuck,person,3
fuck,mongoloid,4
fuck,wow,1
fuck,believe,15
fuck,loser,1
fuck,job,3
fuck,high,6
fuck,iq,1
fuck,subreddit,3
fuck,normie,3
fuck,charge,2
fuck,quality,5
fuck,refer,5
fuck,incest,2
fuck,illness,3
fuck,exist,1
fuck,mental,8
fuck,idiot,4
fuck,sound,4
fuck,actual,1
fuck,asshole,3
fuck,asperger,3
fuck,confirm,7
fuck,money,2
fuck,absolute,2
fuck,insult,2
fuck,nigga,2
fuck,sad,1
fuck,feminist,1
fuck,dick,4
fuck,pussy,1
fuck,racist,3
fuck,school,1
fuck,slut,1
fuck,wheel,2
fuck,let,1
fuck,mother,1
fuck,complete,2
fuck,stupid,2
fuck,tranny,2
fuck,wife,3
fuck,moron,1
fuck,special,1
fuck,big,2
fuck,learn,1
fuck,account,2
fuck,aid,3
fuck,population,1
fuck,ape,1
fuck,dirty,1
fuck,nazi,1
fuck,trump,2
fuck,family,2
fuck,publicly,1
fuck,sub,1
fuck,whore,2
fuck,subhuman,1
fuck,incel,1
fuck,cripple,1
fuck,oh,1
fuck,half,1
fuck,jealous,28
fuck,peaceful,28
fuck,west,28
ignorant,blind,5
ignorant,trump,3
ignorant,intellectually,3
ignorant,white,3
ignorant,retard,1
ignorant,west,1
ignorant,big,1
ignorant,want,1
ignorant,nigga,1
ignorant,dumb,1
ignorant,life,1
blind,blow,1
blind,fun,2
blind,subreddit,3
blind,comment,3
blind,white,4
blind,refer,5
blind,autistic,5
blind,eugenic,1
blind,boy,1
blind,mom,5
blind,s,2
blind,listen,1
blind,life,3
blind,moron,1
blind,retard,5
blind,believe,3
blind,person,1
blind,want,2
blind,hole,2
blind,burn,3
blind,live,1
blind,eat,2
blind,crime,1
blind,trump,1
blind,shut,1
blind,watch,1
blind,mental,1
blind,grow,1
lmfao,retard,7
lmfao,right,5
lmfao,mom,714
lmfao,burn,4
lmfao,spread,2
lmfao,inbreed,2
lmfao,listen,4
lmfao,s,2
lmfao,sound,2
lmfao,mongoloid,1
lmfao,autist,2
lmfao,reproduce,3
lmfao,stick,3
lmfao,wheel,2
lmfao,mental,1
lmfao,abort,2
lmfao,disgusting,1
lmfao,haircut,1
lmfao,boy,1
lmfao,waste,1
lmfao,close,710
retard,dumb,6
retard,listen,32
retard,money,3
retard,faggot,29
retard,right,30
retard,url,2
retard,life,18
retard,brain,4
retard,dick,10
retard,ya,6
retard,mom,25
retard,disgusting,2
retard,fun,13
retard,nigga,3
retard,boy,22
retard,grow,4
retard,video,1
retard,dumbass,3
retard,comment,6
retard,haircut,9
retard,want,406
retard,cancer,3
retard,smart,2
retard,folk,9
retard,actual,2
retard,word,1
retard,bastard,1
retard,mental,6
retard,convince,1
retard,nut,1
retard,earth,6
retard,burn,16
retard,eat,4
retard,fuckin,4
retard,s,9
retard,inbreed,3
retard,eugenic,2
retard,abort,17
retard,idiot,2
retard,deserve,3
retard,close,10
retard,case,3
retard,white,3
retard,reddit,4
retard,car,4
retard,blow,35
retard,watch,4
retard,cunt,9
retard,person,14
retard,mouth,2
retard,wow,2
retard,typical,1
retard,normie,3
retard,self,3
retard,day,7
retard,plastic,2
retard,big,4
retard,incest,2
retard,fucker,4
retard,illness,3
retard,sign,4
retard,god,2
retard,lose,3
retard,chromosome,3
retard,feminist,3
retard,confirm,2
retard,west,29
retard,wife,2
retard,high,3
retard,oh,2
retard,iq,2
retard,parent,5
retard,intellectually,2
retard,nigger,2
retard,autistic,374
retard,subhuman,5
retard,shut,10
retard,holy,3
retard,use,3
retard,instead,1
retard,moron,2
retard,tranny,4
retard,cut,3
retard,pussy,1
retard,whore,1
retard,hoe,1
retard,app,3
retard,loser,3
retard,million,1
retard,ur,2
retard,m,1
retard,incel,2
retard,learn,1
retard,infest,2
retard,aid,2
retard,ape,1
retard,pig,1
retard,sad,1
retard,shove,1
retard,trump,1
retard,space,1
retard,family,1
retard,absolute,1
retard,stick,1
retard,believe,1
retard,tired,1
retard,anymore,28
retard,ion,28
folk,right,12
folk,sad,3
folk,want,26
folk,confirm,10
folk,fun,5
folk,jesus,1
folk,faggot,2
folk,autist,1
folk,beat,1
folk,video,1
folk,word,1
folk,abort,15
folk,haircut,6
folk,smart,2
folk,midget,4
folk,kys,1
folk,moron,1
folk,instead,2
folk,escape,3
folk,day,3
folk,sign,3
folk,life,4
folk,stupid,14
folk,reproduce,3
folk,wipe,4
folk,deserve,1
folk,islam,1
folk,mother,1
folk,dirty,1
folk,listen,11
folk,level,4
folk,shut,11
folk,mom,2
folk,difference,3
folk,actual,4
folk,autistic,6
folk,male,3
folk,narcissistic,3
folk,racist,4
folk,solve,3
folk,idiot,6
folk,safe,3
folk,bullshit,4
folk,space,3
folk,west,1
folk,weak,2
folk,year,2
folk,close,3
folk,find,2
folk,live,4
folk,hole,4
folk,mouth,2
folk,illness,4
folk,mental,6
folk,disgusting,4
folk,bastard,2
folk,boy,3
folk,diaper,3
folk,car,3
folk,cancer,1
folk,god,5
folk,dumbass,3
folk,lose,3
folk,roast,1
folk,money,1
folk,account,1
folk,nigga,1
folk,encourage,1
folk,loser,1
folk,job,1
folk,cut,1
folk,ape,4
folk,create,3
folk,nigger,4
folk,mongoloid,1
folk,insult,3
folk,brain,1
folk,white,2
folk,feminist,2
folk,murder,1
folk,subhuman,1
folk,dumb,1
folk,stick,1
folk,degenerate,1
folk,believe,1
folk,pool,1
folk,refer,1
folk,waste,1
folk,population,1
folk,eugenic,1
folk,s,3
folk,earth,2
right,sad,2
right,want,264
right,beta,2
right,cuck,1
right,cancer,4
right,poor,5
right,haircut,118
right,confirm,19
right,url,5
right,hole,8
right,faggot,13
right,year,10
right,shut,7
right,dick,4
right,boy,7
right,deserve,27
right,mouth,15
right,money,4
right,internet,5
right,god,2
right,racist,2
right,stick,20
right,m,10
right,handle,1
right,ya,43
right,smart,2
right,incel,5
right,brain,8
right,word,2
right,ur,10
right,high,2
right,iq,2
right,remove,4
right,disgusting,10
right,tired,5
right,mother,14
right,slut,3
right,anymore,3
right,kick,8
right,nut,1
right,check,1
right,mom,13
right,clean,2
right,destroy,2
right,eugenic,3
right,life,6
right,abort,729
right,reproduce,3
right,encourage,2
right,result,3
right,autistic,5
right,midget,5
right,aid,1
right,mongoloid,1
right,listen,10
right,site,19
right,comment,7
right,place,1
right,ban,3
right,difference,5
right,cunt,4
right,level,5
right,video,2
right,chromosome,8
right,lose,2
right,breed,5
right,ape,9
right,inbreed,4
right,live,5
right,plastic,2
right,oh,5
right,fucker,4
right,face,5
right,nigga,4
right,hoe,2
right,tranny,2
right,light,1
right,defect,1
right,dog,5
right,population,2
right,mental,3
right,exist,5
right,spread,3
right,idiot,3
right,lemon,3
right,sterilize,5
right,dumb,2
right,womb,2
right,jesus,3
right,subhuman,4
right,holy,8
right,person,3
right,stupid,1
right,create,5
right,roast,1
right,west,1
right,ball,5
right,tiny,1
right,pig,2
right,pussy,2
right,loser,2
right,illegal,4
right,million,1
right,family,2
right,blow,3
right,job,2
right,beat,5
right,tooth,4
right,incest,1
right,nigger,1
right,home,2
right,moron,1
right,sub,2
right,insult,2
right,disabled,2
right,nazi,2
right,s,2
right,abortion,1
right,evolution,1
right,actual,2
right,dirty,1
right,body,1
right,illness,2
right,trump,1
right,solve,1
right,comeback,1
right,parent,1
right,bomb,1
right,new,1
right,scalp,710
right,triple,710
right,muslim,28
right,bullshit,28
sad,plastic,1
sad,faggot,2
sad,complete,2
sad,illness,3
sad,day,5
sad,want,2
sad,check,2
sad,family,2
sad,stupid,2
sad,dumb,2
sad,listen,6
sad,white,2
sad,account,1
sad,comment,1
sad,loser,1
sad,hole,2
sad,dick,1
sad,autistic,1
sad,cunt,1
sad,big,1
sad,burn,1
pussy,ur,1
pussy,ya,1
pussy,life,1
pussy,fuckin,1
pussy,high,1
pussy,whore,1
pussy,mom,2
pussy,fun,2
pussy,instead,1
pussy,person,1
pussy,watch,1
pussy,spread,1
pussy,stick,1
pussy,want,2
pussy,haircut,1
pussy,breed,1
pussy,weak,1
pussy,cunt,1
pussy,hole,1
pussy,dick,1
ur,ya,9
ur,mouth,3
ur,spit,5
ur,dumb,4
ur,word,4
ur,want,11
ur,level,2
ur,disgusting,2
ur,mom,2
ur,burn,5
ur,kys,3
ur,high,2
ur,cuck,1
ur,bastard,1
ur,mental,1
ur,dirty,2
ur,roast,2
ur,money,2
ur,place,1
ur,abort,7
ur,haircut,1
ur,deserve,3
ur,believe,3
ur,shut,3
ur,wife,3
ur,confirm,2
ur,holy,1
ur,nigga,1
ur,listen,1
ur,boy,1
ur,m,1
ur,hole,1
ur,nigger,1
ya,mom,5
ya,listen,9
ya,want,41
ya,confirm,6
ya,blow,3
ya,find,2
ya,cancer,3
ya,dirty,2
ya,wipe,1
ya,word,1
ya,allah,1
ya,faggot,4
ya,dumb,4
ya,big,1
ya,money,3
ya,destroy,2
ya,half,4
ya,incel,4
ya,holy,1
ya,haircut,2
ya,idiot,1
ya,deserve,2
ya,white,2
ya,video,2
ya,life,2
ya,stupid,1
ya,shut,8
ya,disgusting,3
ya,dick,1
ya,defect,1
ya,place,1
ya,mental,3
ya,live,2
ya,therapy,4
ya,cunt,2
ya,hole,3
ya,brain,2
ya,tard,2
ya,edit,2
ya,clean,1
ya,day,1
ya,stick,2
ya,nigga,4
ya,encourage,3
ya,bullshit,29
ya,boy,2
ya,racist,2
ya,school,1
ya,home,1
ya,watch,1
ya,nigger,3
ya,abort,5
ya,face,1
ya,weak,1
ya,bastard,1
ya,complete,1
ya,smart,1
ya,body,1
ya,m,1
ya,kys,1
ya,ban,1
ya,year,1
ya,god,1
ya,midget,1
ya,crime,28
mom,listen,16
mom,dumb,6
mom,disgusting,7
mom,burn,13
mom,boy,11
mom,sign,1
mom,cunt,1
mom,whore,3
mom,mother,2
mom,convince,3
mom,check,1
mom,kys,1
mom,moron,5
mom,abort,712
mom,idiot,6
mom,day,4
mom,person,4
mom,hole,8
mom,big,3
mom,fun,3
mom,want,9
mom,illness,5
mom,life,5
mom,sub,1
mom,url,3
mom,stupid,7
mom,chromosome,2
mom,white,2
mom,family,2
mom,s,2
mom,tranny,5
mom,absolute,2
mom,autistic,4
mom,eat,1
mom,instead,1
mom,tiny,1
mom,holy,2
mom,smack,2
mom,stick,4
mom,confirm,3
mom,believe,3
mom,haircut,1
mom,blow,2
mom,hoe,1
mom,inbreed,1
mom,shut,3
mom,incel,2
mom,close,712
mom,car,1
mom,slut,1
mom,dick,1
mom,tooth,1
mom,fucker,1
mom,sound,1
mom,let,1
mom,fuckin,1
mom,cripple,1
mom,midget,1
mom,mental,1
mom,learn,1
mom,half,1
mom,triple,710
listen,dumb,10
listen,want,20
listen,abort,14
listen,find,1
listen,hole,23
listen,boy,12
listen,comeback,2
listen,live,5
listen,destroy,7
listen,faggot,16
listen,fun,5
listen,autistic,13
listen,bastard,1
listen,dirty,2
listen,pig,3
listen,case,3
listen,s,5
listen,idiot,4
listen,believe,8
listen,life,10
listen,dumbass,4
listen,mongoloid,3
listen,moron,1
listen,wheel,3
listen,cunt,5
listen,day,5
listen,tranny,5
listen,blow,8
listen,burn,12
listen,spit,4
listen,dick,10
listen,smack,5
listen,illness,3
listen,hoe,2
listen,haircut,2
listen,god,5
listen,asshole,2
listen,year,6
listen,close,5
listen,eat,4
listen,person,3
listen,wife,3
listen,wive,3
listen,wow,3
listen,sound,4
listen,family,4
listen,abortion,2
listen,crime,2
listen,oh,5
listen,mental,3
listen,shut,4
listen,aid,1
listen,video,2
listen,car,4
listen,normie,3
listen,site,7
listen,autist,9
listen,subhuman,3
listen,white,5
listen,lose,3
listen,nigga,4
listen,bullshit,1
listen,racist,1
listen,job,1
listen,sub,1
listen,account,1
listen,comment,4
listen,mouth,2
listen,check,1
listen,midget,2
listen,half,1
listen,mother,1
listen,arm,3
listen,allow,4
listen,confirm,1
listen,kys,1
listen,special,1
listen,parent,1
listen,fuckin,3
listen,url,3
listen,sign,1
listen,word,1
listen,stupid,3
listen,create,1
listen,diaper,1
listen,subreddit,2
listen,high,4
listen,evolution,1
listen,iq,2
listen,inbreed,1
listen,disgusting,1
listen,actual,1
listen,infest,1
listen,cancer,1
listen,trump,1
listen,self,1
listen,publicly,1
listen,big,2
listen,earth,1
listen,loser,1
listen,learn,1
listen,nigger,1
dumb,white,2
dumb,want,5
dumb,spit,3
dumb,god,1
dumb,racist,1
dumb,day,1
dumb,faggot,4
dumb,watch,3
dumb,live,4
dumb,life,6
dumb,cunt,6
dumb,abort,1
dumb,wow,1
dumb,video,2
dumb,autist,2
dumb,shut,3
dumb,url,2
dumb,illness,2
dumb,hoe,1
dumb,family,1
dumb,burn,1
dumb,m,2
dumb,stupid,2
dumb,boy,4
dumb,slut,1
dumb,nigga,2
dumb,mother,1
dumb,learn,1
dumb,blow,1
dumb,oh,1
dumb,eat,1
dumb,confirm,1
dumb,hole,2
dumb,comment,1
dumb,sound,1
dumb,refer,1
dumb,west,1
dumb,haircut,1
white,burn,3
white,fuckin,2
white,boy,4
white,encourage,1
white,reddit,1
white,plastic,2
white,moron,2
white,cunt,4
white,worthless,3
white,deserve,1
white,intellectually,3
white,url,2
white,chromosome,1
white,want,2
white,confirm,1
white,haircut,1
white,racist,5
white,illness,1
white,mental,3
white,abort,1
white,trump,2
white,blow,1
white,autistic,1
white,oh,1
white,eat,1
white,comment,1
white,hole,3
white,family,1
white,autist,1
white,watch,1
white,close,1
burn,faggot,4
burn,life,4
burn,check,1
burn,allow,1
burn,hole,5
burn,close,3
burn,dirty,2
burn,day,1
burn,autist,2
burn,whore,3
burn,west,3
burn,blow,2
burn,family,2
burn,wife,2
burn,abort,3
burn,lose,3
burn,disgusting,1
burn,want,3
burn,spit,2
burn,autistic,2
burn,eat,1
burn,big,4
burn,boy,3
burn,url,1
burn,cunt,3
burn,moron,1
burn,shut,1
burn,grow,1
burn,cripple,1
burn,person,1
want,cuck,3
want,cancer,2
want,boy,9
want,sterilize,7
want,confirm,25
want,spit,4
want,light,2
want,abort,36
want,mouth,11
want,haircut,123
want,m,7
want,pedophile,5
want,faggot,15
want,life,10
want,bastard,1
want,deserve,14
want,midget,5
want,app,2
want,roast,5
want,disgusting,381
want,dumbass,2
want,waste,2
want,anymore,7
want,stupid,6
want,believe,2
want,result,3
want,illness,3
want,home,3
want,autistic,377
want,mother,7
want,stick,14
want,money,3
want,safe,6
want,find,4
want,create,4
want,watch,4
want,narcissistic,2
want,site,14
want,brain,4
want,tired,2
want,nigga,5
want,check,2
want,comment,2
want,place,5
want,ban,3
want,wheel,3
want,cunt,5
want,level,5
want,difference,3
want,male,3
want,breed,1
want,shut,8
want,chromosome,3
want,face,7
want,survival,5
want,quality,6
want,fucker,4
want,day,5
want,ape,10
want,live,5
want,word,5
want,mental,6
want,god,11
want,west,1
want,defect,1
want,population,3
want,handicap,2
want,weak,3
want,year,3
want,idiot,3
want,hoe,1
want,earth,2
want,murder,1
want,abortion,1
want,slut,2
want,tranny,5
want,actual,1
want,encourage,5
want,person,2
want,diaper,3
want,wife,2
want,subhuman,5
want,insult,4
want,kick,4
want,moron,1
want,oh,2
want,racist,3
want,illegal,2
want,internet,3
want,pig,3
want,holy,4
want,hole,5
want,evolution,2
want,nut,3
want,new,4
want,beta,1
want,inbreed,2
want,commit,1
want,beat,3
want,solve,1
want,crime,1
want,sub,2
want,account,2
want,spread,4
want,infest,2
want,ball,2
want,smart,1
want,dirty,1
want,muslim,29
want,islam,29
want,trump,1
want,incel,1
want,jesus,1
want,exist,2
want,bomb,1
want,half,1
want,dog,3
want,nigger,92
smart,money,3
smart,faggot,3
smart,haircut,2
smart,nigger,1
smart,racist,1
money,faggot,3
money,haircut,2
money,confirm,3
money,close,1
money,boy,2
money,internet,2
money,comeback,2
money,midget,1
money,roast,3
money,destroy,2
money,insult,3
money,quality,3
money,safe,3
money,jesus,2
money,abort,3
money,create,1
money,account,2
money,face,1
money,disgusting,1
money,dirty,1
money,sub,1
money,ape,1
money,find,1
faggot,learn,3
faggot,autist,4
faggot,autistic,5
faggot,hole,13
faggot,dick,5
faggot,word,7
faggot,tiny,4
faggot,life,10
faggot,grow,3
faggot,confirm,3
faggot,fucker,2
faggot,live,2
faggot,parent,2
faggot,destroy,2
faggot,fun,7
faggot,find,2
faggot,damage,2
faggot,self,2
faggot,narcissistic,2
faggot,mental,3
faggot,complete,2
faggot,sign,2
faggot,stupid,2
faggot,loser,2
faggot,job,1
faggot,degenerate,1
faggot,blow,2
faggot,shut,6
faggot,earth,7
faggot,smack,3
faggot,place,1
faggot,midget,4
faggot,comment,1
faggot,subhuman,1
faggot,boy,3
faggot,abort,7
faggot,haircut,3
faggot,mouth,1
faggot,actual,3
faggot,high,4
faggot,close,3
faggot,half,1
faggot,nigga,1
faggot,create,1
faggot,diaper,1
faggot,pedophile,2
faggot,brain,1
faggot,url,1
faggot,oh,1
faggot,sub,2
faggot,account,2
faggot,racist,1
faggot,asshole,3
faggot,cunt,1
faggot,reddit,1
faggot,eat,3
faggot,nigger,1
faggot,refer,2
new,beta,1
new,cuck,1
new,anymore,2
new,insult,2
new,womb,1
new,murder,1
new,solve,1
beta,cuck,4
beta,place,1
beta,sub,1
beta,mother,1
beta,anymore,3
beta,deserve,3
beta,midget,3
cuck,autistic,2
cuck,absolute,2
cuck,deserve,3
cuck,midget,3
cuck,cunt,3
cuck,anymore,1
cuck,jesus,1
cancer,boy,2
cancer,subreddit,1
cancer,sjw,1
cancer,s,1
cancer,shut,1
cancer,hole,1
boy,allow,2
boy,close,2
boy,blow,2
boy,fun,7
boy,spit,4
boy,autist,4
boy,url,6
boy,diaper,4
boy,dick,3
boy,m,2
boy,pedophile,2
boy,fucker,3
boy,school,3
boy,fuckin,5
boy,confirm,4
boy,nut,1
boy,haircut,2
boy,nigga,1
boy,autistic,4
boy,difference,2
boy,incest,2
boy,abort,4
boy,eugenic,1
boy,big,3
boy,reddit,2
boy,bastard,2
boy,ape,1
boy,sub,1
boy,tard,3
boy,stupid,1
boy,cut,1
boy,smack,2
boy,day,4
boy,internet,3
boy,tranny,3
boy,stick,3
boy,grow,2
boy,s,1
boy,idiot,1
boy,hole,3
boy,hoe,1
boy,oh,4
boy,parent,3
boy,mental,1
boy,learn,1
boy,life,1
boy,worthless,1
boy,special,2
boy,damage,2
boy,let,1
boy,refer,1
boy,west,1
allow,crime,4
allow,learn,4
allow,eradicate,4
allow,publicly,4
allow,find,1
allow,hole,1
allow,tired,1
allow,poor,1
allow,eugenic,3
allow,arm,3
allow,oh,3
allow,normie,1
allow,nigga,1
allow,dick,1
poor,haircut,1
poor,tired,1
poor,family,1
poor,hole,1
poor,tooth,3
haircut,confirm,5
haircut,handle,1
haircut,slut,1
haircut,midget,5
haircut,deserve,4
haircut,home,3
haircut,day,2
haircut,holy,2
haircut,find,1
haircut,nigga,2
haircut,loser,2
haircut,male,4
haircut,account,4
haircut,abort,8
haircut,eugenic,1
haircut,god,5
haircut,mother,3
haircut,body,2
haircut,live,1
haircut,idiot,1
haircut,illness,1
haircut,stick,1
haircut,feminist,1
haircut,year,5
haircut,tard,3
haircut,hoe,1
haircut,weak,1
haircut,place,2
haircut,video,1
haircut,million,1
haircut,special,1
haircut,anymore,1
haircut,stupid,4
haircut,pedophile,1
haircut,mouth,1
haircut,kick,2
haircut,face,2
haircut,autistic,2
haircut,insult,1
haircut,inbreed,1
haircut,disgusting,2
haircut,hole,1
haircut,tranny,1
haircut,life,1
haircut,shut,2
haircut,exist,1
haircut,ape,1
haircut,nigger,93
haircut,typical,92
confirm,close,1
confirm,sterilize,3
confirm,fun,3
confirm,jesus,3
confirm,blow,1
confirm,disgusting,1
confirm,hole,4
confirm,life,2
confirm,kick,2
confirm,nut,1
confirm,find,3
confirm,shut,3
confirm,high,5
confirm,create,3
confirm,watch,4
confirm,live,7
confirm,family,2
confirm,day,2
confirm,ape,2
confirm,nigger,2
confirm,spit,2
confirm,incest,1
confirm,mouth,2
confirm,illness,1
confirm,population,1
confirm,clean,1
confirm,mental,4
confirm,autistic,1
confirm,site,1
confirm,encourage,3
confirm,loser,2
confirm,pedophile,1
confirm,stick,3
confirm,actual,3
confirm,abort,8
confirm,idiot,1
confirm,place,1
confirm,kys,1
confirm,m,1
confirm,ball,2
confirm,stupid,4
confirm,infest,1
confirm,subhuman,1
confirm,trump,2
confirm,special,3
confirm,breed,1
confirm,moron,1
confirm,asshole,1
confirm,refer,1
confirm,earth,1
confirm,midget,1
confirm,tooth,1
confirm,parent,1
confirm,anymore,1
confirm,reproduce,1
close,blow,2
close,hole,3
close,dirty,1
close,racist,1
close,autistic,4
close,person,4
close,dick,1
close,life,3
close,sjw,2
close,iq,2
close,sign,3
close,eat,2
close,crime,1
close,spit,2
close,high,3
close,url,1
close,cunt,1
close,car,1
close,midget,1
close,word,1
close,mental,1
close,triple,710
close,fun,3
close,s,3
blow,fun,5
blow,ball,1
blow,find,1
blow,hole,4
blow,life,2
blow,dick,7
blow,whore,2
blow,tranny,1
blow,believe,1
blow,asshole,1
blow,anymore,29
blow,autistic,3
blow,edit,1
blow,normie,1
blow,stick,1
blow,actual,1
blow,disgusting,2
blow,pig,2
blow,cunt,1
blow,trump,1
blow,moron,1
blow,incel,1
blow,clean,1
blow,peaceful,28
blow,west,28
fun,believe,4
fun,shut,2
fun,autistic,5
fun,big,1
fun,hole,2
fun,life,4
fun,moron,3
fun,person,6
fun,fuckin,3
fun,high,2
fun,oh,2
fun,day,2
fun,tiny,1
fun,midget,2
fun,url,1
fun,instead,2
fun,half,1
fun,mental,5
fun,illness,3
fun,m,1
fun,use,3
fun,case,3
fun,west,3
fun,year,1
fun,abort,1
fun,aid,2
fun,complete,2
fun,home,1
fun,watch,1
fun,pool,1
fun,chromosome,1
fun,grow,1
fun,eat,1
fun,stupid,3
fun,s,3
mouth,spit,3
mouth,deserve,1
mouth,abort,2
mouth,face,2
mouth,kick,4
mouth,ape,5
mouth,anymore,3
mouth,tired,3
mouth,safe,3
mouth,incest,1
mouth,waste,2
mouth,womb,2
mouth,jesus,2
mouth,tiny,1
mouth,check,1
mouth,place,1
mouth,bomb,1
mouth,subhuman,1
mouth,murder,1
mouth,midget,1
mouth,racist,1
mouth,idiot,1
mouth,use,1
mouth,brain,2
mouth,body,1
mouth,stick,2
mouth,year,1
mouth,illness,2
spit,body,4
spit,stick,4
spit,autist,4
spit,nigger,2
spit,charge,2
spit,nigga,3
spit,hole,3
spit,dick,3
spit,abort,1
spit,video,1
url,autist,4
url,diaper,4
url,stick,1
url,place,1
url,sub,1
url,stupid,1
url,shut,4
url,chromosome,1
url,nigga,2
url,mental,2
url,racist,1
url,illness,1
url,hole,1
url,person,1
url,dick,1
url,nigger,1
url,life,1
learn,autist,3
learn,evolution,4
learn,crime,4
learn,eradicate,4
learn,live,1
learn,infest,1
learn,life,1
learn,whore,1
learn,mother,1
learn,dirty,1
learn,shut,1
learn,mental,1
learn,oh,1
autist,shut,3
autist,stick,4
autist,abort,3
autist,video,2
autist,site,4
autist,fuckin,3
autist,autistic,1
autist,m,1
autist,sign,1
autist,let,1
autist,watch,1
autistic,self,2
autistic,high,7
autistic,degenerate,7
autistic,racist,1
autistic,person,8
autistic,nigga,1
autistic,mental,5
autistic,abort,2
autistic,stupid,2
autistic,jesus,4
autistic,actual,3
autistic,subreddit,3
autistic,account,4
autistic,idiot,3
autistic,bullshit,3
autistic,space,3
autistic,absolute,4
autistic,asshole,3
autistic,reddit,3
autistic,shove,3
autistic,normie,3
autistic,nigger,2
autistic,watch,1
autistic,believe,4
autistic,midget,2
autistic,m,2
autistic,tranny,1
autistic,hole,2
autistic,inbreed,1
autistic,internet,1
autistic,disgusting,372
sterilize,encourage,4
sterilize,stupid,1
shut,year,2
shut,find,4
shut,high,4
shut,iq,5
shut,mongoloid,3
shut,abort,13
shut,sign,3
shut,hole,14
shut,illness,4
shut,chromosome,2
shut,stupid,2
shut,midget,4
shut,west,1
shut,mental,3
shut,therapy,3
shut,absolute,2
shut,aid,2
shut,waste,3
shut,weak,1
shut,racist,2
shut,loser,1
shut,job,1
shut,dick,1
shut,big,1
shut,nut,3
shut,idiot,2
shut,believe,2
shut,abortion,1
shut,live,2
shut,eradicate,1
shut,dirty,1
shut,subreddit,1
shut,level,1
shut,watch,1
shut,stick,1
shut,pedophile,1
shut,degenerate,1
shut,kys,1
shut,damage,1
shut,half,1
shut,god,1
shut,nigga,1
shut,life,1
shut,day,1
shut,tired,1
shut,oh,1
believe,feminist,1
believe,hole,2
believe,dick,2
believe,stupid,2
believe,plastic,2
believe,moron,2
believe,find,1
believe,idiot,6
believe,life,4
believe,ban,3
believe,wheel,3
believe,abort,5
believe,normie,3
believe,abortion,1
believe,tard,2
believe,edit,2
believe,s,3
believe,complete,2
believe,degenerate,1
believe,nazi,1
believe,racist,1
life,tiny,3
life,grow,3
life,live,8
life,parent,2
life,self,2
life,stick,4
life,exist,4
life,defect,4
life,evolution,5
life,degenerate,4
life,illness,8
life,hole,3
life,fuckin,1
life,waste,2
life,half,3
life,mental,6
life,sign,3
life,peaceful,1
life,cunt,5
life,dumbass,1
life,doctor,2
life,iq,3
life,moron,3
life,face,1
life,stupid,3
life,midget,4
life,abort,4
life,sjw,2
life,handicap,2
life,family,2
life,destroy,4
life,asshole,3
life,video,1
life,edit,2
life,crime,1
life,let,1
life,west,1
life,person,1
life,breed,2
life,infest,1
life,whore,1
life,disgusting,1
life,racist,1
life,eradicate,1
life,high,3
life,site,1
life,nigger,1
life,worthless,1
life,remove,2
life,loser,1
life,nazi,1
life,ion,28
life,refer,28
life,yey,28
life,shove,28
mother,mongoloid,3
mother,slut,1
mother,convince,2
mother,stick,5
mother,dirty,1
mother,site,4
mother,body,2
mother,spread,2
mother,m,2
mother,refer,1
mother,fucker,2
mother,holy,2
mother,disgusting,2
mother,live,1
mother,incel,1
mother,beat,1
mother,inbreed,1
mongoloid,wipe,1
mongoloid,hole,1
mongoloid,idiot,1
brain,deserve,5
brain,handle,3
brain,word,4
brain,incel,1
brain,abort,3
brain,tard,2
brain,cunt,1
brain,ape,1
brain,stupid,1
brain,actual,2
brain,damage,2
brain,encourage,1
brain,stick,1
brain,live,1
word,tiny,3
word,abort,1
word,allah,1
word,live,3
word,earth,3
word,midget,1
word,comeback,1
word,account,1
word,chromosome,1
hole,dick,6
hole,find,2
hole,disgusting,3
hole,fuckin,1
hole,dirty,4
hole,wipe,1
hole,midget,2
hole,feminist,1
hole,encourage,3
hole,sign,3
hole,day,3
hole,high,5
hole,mental,2
hole,abort,7
hole,disabled,2
hole,tranny,3
hole,nigga,8
hole,live,5
hole,awe,3
hole,tiny,3
hole,wife,3
hole,diaper,3
hole,car,3
hole,normie,3
hole,therapy,4
hole,asperger,3
hole,cunt,3
hole,aid,3
hole,space,2
hole,parent,2
hole,actual,3
hole,wheel,2
hole,let,1
hole,cut,1
hole,abortion,1
hole,idiot,1
hole,jesus,1
hole,half,1
hole,west,4
hole,nut,3
hole,case,3
hole,loser,1
hole,stick,1
hole,racist,1
hole,ban,1
hole,infest,1
hole,subreddit,1
hole,kys,1
hole,job,1
hole,moron,1
hole,internet,1
hole,stupid,29
hole,trump,1
hole,prick,28
hole,strap,28
hole,bomb,28
dick,eat,5
dick,smack,3
dick,illness,3
dick,reddit,3
dick,aid,1
dick,feminist,1
dick,high,1
dick,job,1
dick,actual,1
dick,school,1
dick,slut,1
dick,racist,1
dick,dirty,1
dick,wife,1
dick,cripple,1
disgusting,anymore,5
disgusting,level,2
disgusting,remove,4
disgusting,tired,2
disgusting,roast,2
disgusting,find,2
disgusting,beat,2
disgusting,face,1
disgusting,pig,3
disgusting,sign,1
disgusting,live,3
disgusting,pedophile,1
disgusting,abort,1
disgusting,inbreed,1
disgusting,whore,1
disgusting,kys,1
disgusting,moron,1
disgusting,mental,1
disgusting,year,1
disgusting,dirty,1
disgusting,tranny,1
disgusting,fuckin,1
disgusting,stupid,1
disgusting,ape,2
disgusting,wipe,2
disgusting,breed,2
disgusting,half,2
year,weak,2
year,stick,4
year,tard,3
year,deserve,3
year,beat,1
year,abort,2
year,ape,1
year,place,1
year,million,1
year,abortion,1
year,insult,1
year,m,1
year,tranny,1
year,mental,1
year,dirty,1
year,stupid,1
year,god,1
anymore,level,3
anymore,abort,3
anymore,school,2
anymore,kick,1
anymore,iq,1
anymore,stupid,2
anymore,spread,3
anymore,tired,3
anymore,asshole,1
anymore,handle,1
anymore,beat,3
anymore,deserve,6
anymore,stick,5
anymore,disabled,2
anymore,cunt,1
anymore,inbreed,1
anymore,site,2
anymore,loser,1
anymore,reproduce,1
anymore,ion,28
anymore,refer,28
anymore,ape,2
level,iq,1
level,dirty,1
level,racist,1
level,jesus,3
level,insult,3
level,stick,1
body,stick,5
body,beat,1
body,m,1
body,fucker,1
body,moron,1
body,mental,1
stick,m,3
stick,commit,4
stick,incel,5
stick,exist,4
stick,roast,2
stick,face,2
stick,nigger,2
stick,fuckin,3
stick,reproduce,3
stick,nigga,2
stick,deserve,4
stick,live,3
stick,family,1
stick,actual,1
stick,ball,1
stick,spread,1
stick,aid,1
stick,pedophile,1
stick,abort,1
stick,stupid,1
stick,tooth,1
stick,fucker,1
stick,ape,1
diaper,car,3
diaper,cunt,1
diaper,high,1
abort,instead,1
abort,light,2
abort,reddit,1
abort,school,3
abort,fuckin,2
abort,tranny,3
abort,sjw,3
abort,beat,4
abort,special,6
abort,sign,2
abort,mental,6
abort,stupid,12
abort,reproduce,2
abort,comment,3
abort,place,1
abort,male,3
abort,site,2
abort,solve,3
abort,idiot,3
abort,oh,2
abort,tard,2
abort,midget,3
abort,eugenic,1
abort,subhuman,2
abort,m,3
abort,find,3
abort,murder,1
abort,abortion,2
abort,absolute,4
abort,waste,3
abort,racist,1
abort,nigga,2
abort,million,1
abort,ape,5
abort,aid,1
abort,quality,1
abort,parent,1
abort,ball,1
abort,trump,3
abort,pedophile,2
abort,face,1
abort,deserve,1
abort,video,1
abort,dirty,1
abort,crime,2
abort,nigger,3
abort,iq,1
abort,actual,1
abort,incel,1
abort,day,1
abort,islam,1
abort,ban,1
abort,pool,1
abort,chromosome,1
abort,moron,1
abort,jesus,1
abort,exist,1
abort,sub,1
abort,live,1
abort,earth,1
abort,case,2
abort,safe,2
abort,scalp,710
abort,triple,710
instead,moron,1
instead,person,2
instead,mental,1
instead,aid,1
instead,half,1
instead,day,1
nigga,account,1
nigga,illness,2
nigga,mental,2
nigga,wheel,2
nigga,holy,1
nigga,face,1
nigga,fuckin,1
nigga,live,1
nigga,job,1
stupid,west,2
stupid,idiot,4
stupid,midget,1
stupid,internet,1
stupid,sign,1
stupid,cunt,3
stupid,plastic,2
stupid,reproduce,3
stupid,male,3
stupid,narcissistic,3
stupid,handicap,5
stupid,family,2
stupid,tranny,3
stupid,dirty,4
stupid,incest,4
stupid,disabled,4
stupid,weak,2
stupid,m,2
stupid,racist,1
stupid,cut,1
stupid,wife,1
stupid,fucker,2
stupid,holy,2
stupid,smack,2
stupid,ape,1
stupid,ball,2
stupid,feminist,2
stupid,normie,1
stupid,day,1
stupid,pig,1
stupid,trump,1
stupid,find,1
stupid,oh,1
stupid,bomb,28
stupid,dickhead,28
west,idiot,3
west,moron,2
west,high,2
west,big,1
west,dumbass,1
west,case,3
west,iq,1
west,degenerate,1
west,peaceful,28
idiot,moron,2
idiot,high,2
idiot,find,1
idiot,live,2
idiot,crime,1
idiot,quality,3
idiot,million,1
idiot,abortion,1
idiot,complete,2
idiot,let,1
idiot,racist,1
idiot,use,1
moron,high,2
moron,iq,2
moron,kys,1
moron,escape,3
moron,day,3
moron,person,3
moron,plastic,2
moron,encourage,1
moron,racist,3
moron,trump,3
moron,intellectually,3
moron,muslim,1
moron,dumbass,1
moron,destroy,1
moron,cut,1
moron,wife,1
moron,infest,2
moron,aid,1
moron,complete,1
moron,cunt,1
moron,fucker,1
moron,mental,1
high,iq,15
high,parent,2
high,self,2
high,mental,2
high,midget,4
high,oh,2
high,school,1
high,eugenic,2
high,family,1
high,site,1
high,car,1
high,cunt,1
iq,dirty,1
iq,doctor,2
iq,sjw,2
iq,oh,2
iq,eugenic,2
iq,car,1
ball,comment,2
ball,tranny,2
ball,spread,2
ball,aid,2
deserve,handle,3
deserve,remove,4
deserve,reproduce,1
deserve,holy,1
deserve,islam,1
deserve,defect,1
deserve,place,1
deserve,midget,1
deserve,site,2
deserve,slut,2
deserve,muslim,1
deserve,insult,2
deserve,m,1
deserve,beat,3
deserve,family,1
deserve,face,1
deserve,video,1
deserve,illegal,1
deserve,ape,1
deserve,incel,1
handle,asshole,1
tiny,dirty,3
tiny,awe,3
tiny,wife,3
grow,school,1
grow,s,1
grow,cut,1
grow,chromosome,1
jesus,insult,3
jesus,quality,3
jesus,beat,1
jesus,half,1
jesus,exist,1
beat,incest,1
beat,m,1
video,sub,1
video,aid,1
light,face,1
find,damage,2
find,safe,3
find,m,2
find,live,2
find,create,1
find,place,1
find,incel,1
find,clean,1
internet,comeback,2
internet,live,2
internet,midget,1
internet,sign,1
internet,tranny,3
internet,site,1
internet,inbreed,1
comeback,live,2
comeback,account,1
live,pedophile,2
live,fucker,2
live,watch,3
live,inbreed,2
live,plastic,2
live,big,2
live,ape,4
live,earth,3
live,crime,2
live,actual,3
live,infest,1
live,million,1
live,abortion,1
live,racist,1
live,job,1
live,damage,1
live,half,2
dumbass,comment,3
dumbass,sign,1
dumbass,feminist,1
dumbass,big,1
dumbass,worthless,1
dumbass,lose,3
comment,midget,1
comment,subhuman,1
comment,lose,3
comment,chromosome,3
comment,big,3
comment,reddit,2
comment,exist,3
comment,god,3
comment,worthless,1
comment,tranny,2
comment,cut,2
comment,incel,1
comment,subreddit,1
comment,eat,1
kys,midget,1
kys,place,1
kys,special,1
god,racist,1
god,reproduce,1
god,encourage,1
god,exist,3
god,destroy,3
god,incel,1
god,slut,1
god,hoe,1
god,holy,3
god,eugenic,3
racist,day,2
racist,dirty,2
racist,narcissistic,3
racist,pig,2
racist,school,1
racist,eradicate,1
racist,nigger,1
racist,asshole,1
racist,whore,1
racist,nazi,1
day,escape,3
day,illness,2
day,family,2
day,fucker,4
day,cunt,1
day,job,1
day,damage,1
day,half,1
day,person,1
m,earth,2
m,site,3
m,weak,2
m,midget,2
m,tranny,2
m,encourage,1
m,dirty,1
m,place,1
m,ban,1
m,infest,1
pedophile,fucker,2
pedophile,encourage,2
pedophile,dirty,3
fucker,holy,2
parent,self,2
parent,space,2
parent,intellectually,2
parent,special,1
parent,illness,1
parent,mental,2
parent,quality,1
parent,actual,2
parent,damage,2
parent,degenerate,1
self,normie,3
self,ban,1
self,publicly,1
face,site,1
face,nigger,2
face,kick,7
face,survival,5
face,midget,2
site,plastic,1
site,handicap,3
site,slut,2
site,lemon,3
site,weak,3
site,family,1
site,holy,1
site,loser,1
site,inbreed,1
plastic,big,2
commit,incel,4
commit,ape,1
incel,exist,4
incel,half,4
incel,slut,1
incel,midget,1
incel,mental,1
incel,trump,1
incel,clean,1
exist,defect,4
exist,lemon,3
exist,sub,1
exist,loser,1
defect,evolution,4
defect,crime,4
evolution,crime,4
evolution,abortion,1
crime,oh,1
crime,trump,1
crime,earth,1
crime,bullshit,28
crime,backwards,28
crime,allah,28
eradicate,publicly,4
eradicate,doctor,4
eradicate,illness,1
eradicate,earth,1
publicly,doctor,4
publicly,charge,4
doctor,charge,4
doctor,wipe,2
doctor,sign,2
charge,nigger,2
charge,cunt,2
reddit,use,1
reddit,actual,1
reddit,refer,1
reddit,illness,3
reddit,big,2
reddit,asshole,3
reddit,shove,3
reddit,mental,1
use,app,3
use,loser,3
actual,refer,1
actual,difference,3
actual,subreddit,3
actual,mental,1
actual,midget,1
actual,tranny,1
actual,edit,1
actual,normie,1
actual,school,1
actual,damage,2
actual,eugenic,1
degenerate,illness,4
degenerate,mental,4
degenerate,worthless,1
degenerate,job,1
degenerate,male,4
degenerate,account,4
degenerate,person,4
degenerate,inbreed,1
degenerate,subhuman,1
degenerate,tranny,1
illness,mental,24
illness,half,3
illness,complete,2
illness,midget,2
illness,refer,2
illness,account,1
illness,nigger,3
illness,special,1
illness,breed,2
mental,bastard,1
mental,half,4
mental,narcissistic,2
mental,complete,2
mental,midget,3
mental,shove,2
mental,refer,2
mental,oh,4
mental,breed,2
mental,asshole,1
mental,check,1
mental,pool,1
mental,person,1
bastard,dirty,1
bastard,weak,1
bastard,complete,1
bastard,cunt,1
tired,spread,3
tired,ape,3
tired,dog,3
fuckin,school,2
fuckin,cunt,2
fuckin,s,2
fuckin,reproduce,3
fuckin,asperger,3
slut,hoe,1
midget,feminist,1
midget,aid,1
midget,shove,2
midget,ape,2
midget,place,2
midget,encourage,4
midget,tranny,1
midget,destroy,1
midget,sign,1
midget,cunt,3
sign,cunt,1
sign,peaceful,1
sign,wipe,2
sign,big,1
sign,person,1
sign,let,1
cunt,whore,1
cunt,worthless,3
cunt,wife,1
cunt,complete,1
cunt,shove,1
cunt,family,1
cunt,oh,1
whore,aid,1
inbreed,infest,1
inbreed,pig,1
inbreed,spread,2
inbreed,ape,1
inbreed,subhuman,1
inbreed,refer,1
infest,pig,1
infest,aid,3
infest,subhuman,2
infest,ban,1
pig,dirty,1
pig,ape,1
dirty,wipe,1
dirty,encourage,2
dirty,tranny,3
dirty,awe,3
dirty,hoe,1
dirty,sub,1
dirty,wife,1
wipe,reproduce,2
wipe,earth,2
wipe,refer,2
nut,case,3
nut,job,1
earth,smack,3
earth,refer,2
check,family,2
check,sound,1
check,asshole,1
tranny,sjw,1
tranny,disabled,2
tranny,hoe,1
tranny,awe,3
tranny,absolute,2
tranny,edit,1
tranny,cut,2
tranny,wife,1
tranny,watch,1
tranny,subhuman,1
sjw,subreddit,1
sjw,s,1
eat,aid,1
eat,asshole,2
clean,destroy,2
destroy,s,2
app,roast,2
app,s,3
app,loser,3
roast,create,1
damage,half,1
s,sound,2
s,family,2
s,nazi,2
spread,reproduce,1
spread,subhuman,2
eugenic,arm,3
allah,backwards,28
allah,mong,28
allah,prick,28
case,nigger,2
reproduce,holy,1
encourage,bullshit,1
encourage,million,1
encourage,loser,1
person,wow,1
person,intellectually,2
person,big,1
waste,womb,2
waste,ape,1
big,special,1
result,incest,4
result,disabled,4
home,watch,1
home,trump,1
watch,let,1
sound,family,1
insult,quality,3
insult,holy,1
quality,safe,3
quality,survival,5
quality,refer,5
safe,bullshit,3
safe,nigger,2
peaceful,jealous,28
aid,ape,1
aid,sub,2
aid,absolute,2
aid,space,2
create,tooth,3
create,nigger,3
nigger,ape,3
nigger,tooth,3
nigger,incest,1
nigger,asshole,1
nigger,typical,92
family,ape,1
wow,wive,3
islam,feeble,28
islam,muslim,28
place,sub,1
place,weak,1
place,solve,1
place,ban,1
refer,survival,5
refer,pool,1
refer,cut,1
refer,chromosome,1
refer,ion,28
refer,yey,28
refer,asshole,2
sub,ape,1
sub,account,3
ban,wheel,3
shove,yey,28
loser,job,1
loser,weak,1
male,account,4
trump,intellectually,3
intellectually,space,2
chromosome,lose,5
chromosome,pool,5
chromosome,cut,1
chromosome,account,1
normie,edit,1
ape,subhuman,1
ape,population,2
ape,pool,1
disabled,incest,4
disabled,illegal,2
disabled,nazi,2
solve,murder,1
solve,illegal,1
solve,tooth,1
oh,subhuman,1
tard,edit,2
pool,cut,1
bullshit,space,3
bullshit,backwards,28
subhuman,bomb,1
dog,population,2
population,handicap,2
wife,wive,3
wife,cut,1
murder,womb,1
abortion,million,2
therapy,asperger,3
muslim,feeble,28
million,nazi,1
bomb,strap,28
bomb,dickhead,28
backwards,mong,28
mong,prick,28
mong,strap,28
prick,strap,28
dickhead,jealous,28
